,0 vs 1,0 vs 2,0 vs 3,1 vs 2,1 vs 3,2 vs 3,global
pvalue,0.0009715519743247402,0.36556137799885935,0.9676799174613182,0.003694572382307197,0.00019965932722870033,0.36373140187758357,0.0005476247401927623
